{
  "i18n/i18n.properties": 1752242368535,
  "manifest.json": 1752580818799,
  "ext/fragment/PassengerBookings.js": 1752483261059,
  "Component.js": 1752242368535,
  "ext/fragment/PassengerBookings-dbg.js": 1752483261059,
  "ext/fragment/PassengerBookings.js.map": 1752596435950,
  "Component-dbg.js": 1752242368535,
  "Component.js.map": 1752596435956,
  "Component-preload.js": 1752596436026,
  "Component-preload.js.map": 1752596436026,
  "ext/fragment/TableDialog.fragment.xml": 1752481606676,
  "ext/fragment/PassengerBookings.fragment.xml": 1752480006364,
  "index.html": 1752242368535
}