<core:FragmentDefinition xmlns="sap.m" xmlns:core="sap.ui.core" xmlns:mvc="sap.ui.core.mvc" xmlns:macros="sap.fe.macros" xmlns:f="sap.f">
	<Dialog id="tableDialog" title="Dialog with Table Building Block" resizable="true" contentHeight="600px" contentWidth="800px" verticalScrolling="false">
		<content>
			<!-- <VBox id="vBoxDialog">
				<macros:Table
					metaPath="@com.sap.vocabularies.UI.v1.FieldGroup#GeneratedGroup"
					type="GridTable"
					rowCountMode="Auto"
					readOnly="true"
					id="LineItemTable1"
				/>
				<macros:Table
					metaPath="to_Booking/@com.sap.vocabularies.UI.v1.LineItem#tableMacro"
					type="GridTable"
					rowCountMode="Auto"
					readOnly="true"
					id="LineItemTable2"
				/>
			</VBox> -->
			<Text id="testText" text="Hier kommen 2 Tabellen hin" />
		</content>
		<endButton>
			<Button id="closeButton" text="Close Dialog" press=".closeDialog" />
		</endButton>
	</Dialog>
</core:FragmentDefinition>
